FC_Number,Status,Client_Project,Job_Description,Expected_Start_End,PM,Trucks,Trailers,New_Comments,Previous_Comments_1,Previous_Comments_2
202377,Ongoing Project,Energy Solutions - Dome Patrol,LLOG Dome Patrol Flushing & Testing,2022-03-07 00:00:00,Greg L,,,,3/14 Complete | 3/11 Still have hoses. | 3/9 No udpate. | 3/7 Still need to get equipment back. | 3/4 Finished yesterday. | 3/2 Should finish today or tomorrow. | 2/28 Ongoing today.  Should finish on Wednesday. | 2/25 Started today. | 2/23 Will start Friday. | 2/21 Mbing back out on Friday. | 2/18 will start reflushing next week. | 2/7 Work to start end of Feb. | 2/4 Supposed to start on Monday.  LLOG making some more changes to the skid.  Shouldhave a better update this afternoon but probablyl a few weeks out. | 2/2 Starting testing and flushing next monday. | 1/31 All good with leak test.  Had to make a couple mods to skid.  Should get back to finish between the 9th and 14th. | 1/28 kevin is on his way there now to do a leak check.  Likely happen around 2/9 | 1/26 On for around the 14th.  Want to do a quick leak check. | 1/24 Received update.  Changing tubing now.  Will be ready for us on the 14th. | 1/17 WAiting on LLOG to finalize. | 1/14 Waiting on LLOG to finalize docs for change of tubing.  Probably be back sometime in February. | 1/12 No update | 1/05 Still on standby for fix for tubing. | 12/20 Still on standby. | 12/15 still on standby | 12/10 ON standby.   | 12/8 Same runaround from Swagelok.  Going with a heavier wall tubing. | 12/6 On standby. | 12/3 blew out another piece of tubing.  Looking at options to move forward. | 12/1 Swagelok still looking into issues. | 11/29 Failure again last week.  LLOG and ES are in discussions with Swagelok.   | 11/19 Should start Monday.  Finished up pre-test.  All good. | 11/17 Making up more fittings.  Probably wont be until next week. | 11/15 Kevin and PAt will go to ES tomorrow.  Start on the Shenzi panel and then start back on DP on Wednesday. | 11/12 LLOG asking for ES to put together a torque document for all fittings.  Should go back Wednesday/Thursday of next week. | 11/10 Starting tomorrow. | 11/8 Torquing issue.  Passed a pressure test on Saturday.  Should start back up on Wednesday. | 11/5 Slated to go back next week sometime.  Pat and Greg are going to meet with them in the morninig. | 11/3 Had a meeting yesterday.  Dont really have a plan yet.  WAiting on a report from swagelok.  Will likely change out all FKO fittings | 11/1 Getting kicked back off this morning.  Couple more prressure tests to do and then flush.  ES will SIT Wednesday/ Thursday | 10/29 shipped equipment yesterday.  Started today.  Trying to finish tomorrow. | 10/27 Loading out equipment now |  | 10/25 Starting Thursday or Friday | 10/22 Sent drawings to get reviewed.  Need to finish procedures.  Trying to push to later next week. | 10/202 Working on procedure and drawings.  trying to put together equipment and a crew. | 10/18 3 men crew.  Need to organize with upcoming Entergy work.  Pat and Greg can do this one next week.  Charles P. may be available. | 10/13 Still on track for end of october. | 10/6 Looking llike end of October. | 10/4 Waiting to confirm that it has pushed a couple weeks. | 9/27 LLOG making changes causing to push. | 9/20 added pressure testing.  Create PWP for the work. | 8/25 Likely to push to mid-october.  Serious mods on the skid. | 8/18 September. | 6/28 Changed some things on the skid and pushed to September. | 6/25 no update | 6/18 Pushed to September. | 6/9 In fabrication,3/14 Complete | 3/11 Still have hoses. | 3/9 No udpate. | 3/7 Still need to get equipment back. | 3/4 Finished yesterday. | 3/2 Should finish today or tomorrow. | 2/28 Ongoing today.  Should finish on Wednesday. | 2/25 Started today. | 2/23 Will start Friday. | 2/21 Mbing back out on Friday. | 2/18 will start reflushing next week. | 2/7 Work to start end of Feb. | 2/4 Supposed to start on Monday.  LLOG making some more changes to the skid.  Shouldhave a better update this afternoon but probablyl a few weeks out. | 2/2 Starting testing and flushing next monday. | 1/31 All good with leak test.  Had to make a couple mods to skid.  Should get back to finish between the 9th and 14th. | 1/28 kevin is on his way there now to do a leak check.  Likely happen around 2/9 | 1/26 On for around the 14th.  Want to do a quick leak check. | 1/24 Received update.  Changing tubing now.  Will be ready for us on the 14th. | 1/17 WAiting on LLOG to finalize. | 1/14 Waiting on LLOG to finalize docs for change of tubing.  Probably be back sometime in February. | 1/12 No update | 1/05 Still on standby for fix for tubing. | 12/20 Still on standby. | 12/15 still on standby | 12/10 ON standby.   | 12/8 Same runaround from Swagelok.  Going with a heavier wall tubing. | 12/6 On standby. | 12/3 blew out another piece of tubing.  Looking at options to move forward. | 12/1 Swagelok still looking into issues. | 11/29 Failure again last week.  LLOG and ES are in discussions with Swagelok.   | 11/19 Should start Monday.  Finished up pre-test.  All good. | 11/17 Making up more fittings.  Probably wont be until next week. | 11/15 Kevin and PAt will go to ES tomorrow.  Start on the Shenzi panel and then start back on DP on Wednesday. | 11/12 LLOG asking for ES to put together a torque document for all fittings.  Should go back Wednesday/Thursday of next week. | 11/10 Starting tomorrow. | 11/8 Torquing issue.  Passed a pressure test on Saturday.  Should start back up on Wednesday. | 11/5 Slated to go back next week sometime.  Pat and Greg are going to meet with them in the morninig. | 11/3 Had a meeting yesterday.  Dont really have a plan yet.  WAiting on a report from swagelok.  Will likely change out all FKO fittings | 11/1 Getting kicked back off this morning.  Couple more prressure tests to do and then flush.  ES will SIT Wednesday/ Thursday | 10/29 shipped equipment yesterday.  Started today.  Trying to finish tomorrow. | 10/27 Loading out equipment now |  | 10/25 Starting Thursday or Friday | 10/22 Sent drawings to get reviewed.  Need to finish procedures.  Trying to push to later next week. | 10/202 Working on procedure and drawings.  trying to put together equipment and a crew. | 10/18 3 men crew.  Need to organize with upcoming Entergy work.  Pat and Greg can do this one next week.  Charles P. may be available. | 10/13 Still on track for end of october. | 10/6 Looking llike end of October. | 10/4 Waiting to confirm that it has pushed a couple weeks. | 9/27 LLOG making changes causing to push. | 9/20 added pressure testing.  Create PWP for the work. | 8/25 Likely to push to mid-october.  Serious mods on the skid. | 8/18 September. | 6/28 Changed some things on the skid and pushed to September. | 6/25 no update | 6/18 Pushed to September. | 6/9 In fabrication
202935,Upcoming Project,BHP Shenzi -Topside Flush,Topside equipemnt flush and test ,April,Greg L,,,,"3/14 April 17 mobe. | 3/11 Working through deliverables. | 3/7 Added scope.  Just got all the information late on Friday.  Will work on deliverables this week. | 3/4 Waiting on new drawings to start on procedures.   | 3/2 adding in more scope of work.  Will be working on deliverables for that. | 2/28 All deliverables submitted.  Waiting to approve PWPs.  Once approved, theyll set up dates for HAZIDS.   | 2/25 Waiting on confirmation of deliverables and mobe. | 2/23 No update | 2/18 all deliverables have been submitted.  Waiting on comments. | 2/7 Working through PM&E phase.  Mtgs every Tuesday. | 2/4 Waiting on a couple things from them.  sending them deliverables again.  Meetings every 2 weeks. | 2/2 Should be in April. | 1/31 Greg still working on a few deliverables. | 1/28 Working on deliverables.  Has most of it done.  Fine tuning a couple items. | 1/26 Greg still working on delvierables. | 1/24 Meeting with them on Tuesday. | 1/21 May be end of April | 1/17 HAd a meeting on Friday.  Need to re-do some of the drawings.  Will get that to them.  Progress meeting tomorrow at 14:00. | 1/14 Submitted deliverables. Setting up update call every 2 weeks | 1/12 Working on deliverables.  Should have them out today. | 1/10 Greg working on deliverables.   | 1/07 Submitting proedures and drawings.  Will happen. | 12/15 Meeting next monday | 12/13 Verbally awarded project.  Waiting on PO.","3/14 April 17 mobe. | 3/11 Working through deliverables. | 3/7 Added scope.  Just got all the information late on Friday.  Will work on deliverables this week. | 3/4 Waiting on new drawings to start on procedures.   | 3/2 adding in more scope of work.  Will be working on deliverables for that. | 2/28 All deliverables submitted.  Waiting to approve PWPs.  Once approved, theyll set up dates for HAZIDS.   | 2/25 Waiting on confirmation of deliverables and mobe. | 2/23 No update | 2/18 all deliverables have been submitted.  Waiting on comments. | 2/7 Working through PM&E phase.  Mtgs every Tuesday. | 2/4 Waiting on a couple things from them.  sending them deliverables again.  Meetings every 2 weeks. | 2/2 Should be in April. | 1/31 Greg still working on a few deliverables. | 1/28 Working on deliverables.  Has most of it done.  Fine tuning a couple items. | 1/26 Greg still working on delvierables. | 1/24 Meeting with them on Tuesday. | 1/21 May be end of April | 1/17 HAd a meeting on Friday.  Need to re-do some of the drawings.  Will get that to them.  Progress meeting tomorrow at 14:00. | 1/14 Submitted deliverables. Setting up update call every 2 weeks | 1/12 Working on deliverables.  Should have them out today. | 1/10 Greg working on deliverables.   | 1/07 Submitting proedures and drawings.  Will happen. | 12/15 Meeting next monday | 12/13 Verbally awarded project.  Waiting on PO."
202943,Upcoming Project,BHP Shenzi - Umbilical Displacements,Umbilcial displacments ,April,Greg L,,,,2/7 See 202935 | 1/31 Draft workplan.  Should forward over today or tomorrow.  Scheduled update meeting tomorrow. | 1/28 Have everything we need to get started on workplan. | 1/26 Starting working on procedure and other deliverables today. | 1/24 Greg finalizing deliverables. | 1/10 Confirmed BlueFin doing work.  Will be after topsides and de-oiling of pipeline.,2/7 See 202935 | 1/31 Draft workplan.  Should forward over today or tomorrow.  Scheduled update meeting tomorrow. | 1/28 Have everything we need to get started on workplan. | 1/26 Starting working on procedure and other deliverables today. | 1/24 Greg finalizing deliverables. | 1/10 Confirmed BlueFin doing work.  Will be after topsides and de-oiling of pipeline.
202964,Upcoming Project,AGI Industries-Shell Mars Methanol skid flushing,Systems filtration,End of February,Greg L,,,,3/7 No update. | 2/28 No update. | 2/25 Waiting on mobe. | 2/23 No update | 2/7 2-3 weeks before mobe. | 2/4 No update. | 1/28 End of february. | 1/26 waiting to hear | 1/24 Probably will push into February. | 1/21 Need update.,3/7 No update. | 2/28 No update. | 2/25 Waiting on mobe. | 2/23 No update | 2/7 2-3 weeks before mobe. | 2/4 No update. | 1/28 End of february. | 1/26 waiting to hear | 1/24 Probably will push into February. | 1/21 Need update.
202416,Ongoing Project,Kiewit Cameron,Dry Gas Seal Flushing,2022-05-14 00:00:00,Mike D,,,,"3/14 Still should finish wednesday.  Will be there a couple more days after for the AMine neutralization. | 3/11 Should finish wednesday/thursday. | 3/9 Should finish on the 16th. | 3/7 on track to finish around 3/16. | 3/4 Ongoing. | 3/2 Ongoing.  Should be 14-15 more days. | 2/25 Rolling along. | 2/23 Mike D was out there yesterday.  2.5 week sleft.  May be more work. | 2/21 Ongoing | 2/18 Moving along well | 2/14 ongoing | 2/9 Ongoing | 2/7  Finish the middle of March.  Working on 4of 4. | 2/4 Ongoing | 1/31 Ongoing | 1/28 Ongoing | 1/26 Ongoing | 1/24 Ongoing.  All good. | 1/17 Ongoing.  MAking personnel changes on Friday. | 1/14 Moving along.  Change order request sent this morning. | 1/12 Ongoing.  Sent change order info to finish.  Should hear back soon.  Should finish around 3/13 | 1/07 May get lube oil flushing work from Gaubert. | 1/05 Went back yesterday.  Should have another 10 weeks. | 12/22 Ongoing.  Working half a day tomorrow, with days off this week and next for holiday and then back to normal schedule after new years. | 12/15 Ongoing | 12/10 Giving a couple guys some days off. | 12/8 Ongoing. MRC compressors currently.  11 left, 11 weeks worth of work remainig. | 12/3 Guys are back ou there this week | 12/1 Kiewit contact left.  David Mirabella (former GATE and BigFoot guys) is now in the seat.   | 11/29 Mobilized back this morning.  14 more MRC compressors to flush.   | 11/17 Off Thursday, friday, saturday for holiday. | 11/15 Ongoing.  Mike went down there to take Ben's place for a couple days. | 11/12 Mike Ds did site audit yesterday.  All good.  Potential for additional work but not yet confirmed. | 11/10 Ongoing.  Mike Ds site visit today | 11/8 Ongoing.  Few months lelft | 11/5 Ongoing.  Boiloff gas compressor A  (6 or 7 of 24) | 11/3 Ongoing | 11/1 first of 2 boil off gas compressors.  Started flushing an hour ago | 10/29 ongoing | 10/27 Crew went back but they shut them down for weather | 10/25 Came to a stopping point.  TAking off today and tomorrow and going back on Wednesday. | 10/22 Trying to get filter cannister back so can return HVU. | 10/20 Still ongoing.  Pump went down and returned.  Looking at options. | 10/18 Finishing 6th/starting 7th today. | 10/15 On 6th compressor.  Looking like we'll be getting more work out of that.  May need to swap out guys. | 10/13 Ongoing | 10/8 Swapping guys out. | 10/6 Ongoing | 9/27 Ongoing | 9/20 May be picking up extra work. | 9/17 Ongoing.  | 9/15 Ongoing.  Starting on second compressor | 9/8 Ongoing | 9/3 Finish rigging up today.  Off this weekend and start back on Tuesday. | 9/1 Starting today | 8/27 Pre-job now and orientation on monday | 8/25 Loading now.  Heading there monday for training.  Start right after that.  5 man crew.  Will need to plan a rotation for personnel. | 8/23 Orientation next Monday.  Need personnel sharing.  Supervisor (Ben Hatcher) starting today will work on this.   | 8/20  More equipment to be sent by the 23rd  Personnel to follow.  Drawings are being sent to Kiewit today. | 8/18 Mike is traveling there now to dop equipment. | 8/16 Supposed to send equipment there tomorrow.   | 8/4 Expected to start 8/16.  Need to ID crew.  Mike +4 people. | 8/2 Received award Friday.  Ducky working on indemnification issues before we get PO.  Procedures due Wed.  Mike :( | 7/30 Will check on PO today. | 7/28 Havent heard from them.  Owe them some procedures. | 7/23 Visited site yesterday.  Award next week.  Need procedures quickly.  Start second week of August. | 7/19 Trying to meet with Todd McManus this week.","3/14 Still should finish wednesday.  Will be there a couple more days after for the AMine neutralization. | 3/11 Should finish wednesday/thursday. | 3/9 Should finish on the 16th. | 3/7 on track to finish around 3/16. | 3/4 Ongoing. | 3/2 Ongoing.  Should be 14-15 more days. | 2/25 Rolling along. | 2/23 Mike D was out there yesterday.  2.5 week sleft.  May be more work. | 2/21 Ongoing | 2/18 Moving along well | 2/14 ongoing | 2/9 Ongoing | 2/7  Finish the middle of March.  Working on 4of 4. | 2/4 Ongoing | 1/31 Ongoing | 1/28 Ongoing | 1/26 Ongoing | 1/24 Ongoing.  All good. | 1/17 Ongoing.  MAking personnel changes on Friday. | 1/14 Moving along.  Change order request sent this morning. | 1/12 Ongoing.  Sent change order info to finish.  Should hear back soon.  Should finish around 3/13 | 1/07 May get lube oil flushing work from Gaubert. | 1/05 Went back yesterday.  Should have another 10 weeks. | 12/22 Ongoing.  Working half a day tomorrow, with days off this week and next for holiday and then back to normal schedule after new years. | 12/15 Ongoing | 12/10 Giving a couple guys some days off. | 12/8 Ongoing. MRC compressors currently.  11 left, 11 weeks worth of work remainig. | 12/3 Guys are back ou there this week | 12/1 Kiewit contact left.  David Mirabella (former GATE and BigFoot guys) is now in the seat.   | 11/29 Mobilized back this morning.  14 more MRC compressors to flush.   | 11/17 Off Thursday, friday, saturday for holiday. | 11/15 Ongoing.  Mike went down there to take Ben's place for a couple days. | 11/12 Mike Ds did site audit yesterday.  All good.  Potential for additional work but not yet confirmed. | 11/10 Ongoing.  Mike Ds site visit today | 11/8 Ongoing.  Few months lelft | 11/5 Ongoing.  Boiloff gas compressor A  (6 or 7 of 24) | 11/3 Ongoing | 11/1 first of 2 boil off gas compressors.  Started flushing an hour ago | 10/29 ongoing | 10/27 Crew went back but they shut them down for weather | 10/25 Came to a stopping point.  TAking off today and tomorrow and going back on Wednesday. | 10/22 Trying to get filter cannister back so can return HVU. | 10/20 Still ongoing.  Pump went down and returned.  Looking at options. | 10/18 Finishing 6th/starting 7th today. | 10/15 On 6th compressor.  Looking like we'll be getting more work out of that.  May need to swap out guys. | 10/13 Ongoing | 10/8 Swapping guys out. | 10/6 Ongoing | 9/27 Ongoing | 9/20 May be picking up extra work. | 9/17 Ongoing.  | 9/15 Ongoing.  Starting on second compressor | 9/8 Ongoing | 9/3 Finish rigging up today.  Off this weekend and start back on Tuesday. | 9/1 Starting today | 8/27 Pre-job now and orientation on monday | 8/25 Loading now.  Heading there monday for training.  Start right after that.  5 man crew.  Will need to plan a rotation for personnel. | 8/23 Orientation next Monday.  Need personnel sharing.  Supervisor (Ben Hatcher) starting today will work on this.   | 8/20  More equipment to be sent by the 23rd  Personnel to follow.  Drawings are being sent to Kiewit today. | 8/18 Mike is traveling there now to dop equipment. | 8/16 Supposed to send equipment there tomorrow.   | 8/4 Expected to start 8/16.  Need to ID crew.  Mike +4 people. | 8/2 Received award Friday.  Ducky working on indemnification issues before we get PO.  Procedures due Wed.  Mike :( | 7/30 Will check on PO today. | 7/28 Havent heard from them.  Owe them some procedures. | 7/23 Visited site yesterday.  Award next week.  Need procedures quickly.  Start second week of August. | 7/19 Trying to meet with Todd McManus this week."
202857,Ongoing Project,Kiewit Cameron,Amine Degreasing,2022-01-09 00:00:00,Mike D,,,,"3/11 Left 45 minutes ago.  Found out that they want us to neutralize the waste.  Will do that next week. | 3/9 Breaking down today and tomorrow. | 3/7 Should finish up Friday/Saturday and back in 3 weeks. | 3/4 Getting close to finishing. | 3/2 Mike heading down there today.  They are wanting to test the TSP levels.  Will likely be a month or so before the next flush once this one is done. | 2/28 Ongoing. | 2/25 Met with Kiewitt yesterdayr.  Finalized procedures.  Started degreasing.  Probably be another week. | 2/23 Met with Cody yesterday.  very happy with MAx and Armando.  Will award additional work. | 2/21 Ongoing. | 2/18 Worked through pump issues.  Rolling along pretty good. | 2/16 Pump issues.  Got new pumps out yesterday.  Mixing equipment shipping friday. | 2/14 One of the pumps went down.  Replacement heading their way.  Stuart Sevenson will be sending a guy down there today. | 2/9 Changed his rig up so had to send some extra hoses. | 2/7 Expedited mobilization, team worked well together and met the request of the client with favorable results.  Kudos to Armando, Pat, Brady, Greg, Mike in the deer stand.","3/11 Left 45 minutes ago.  Found out that they want us to neutralize the waste.  Will do that next week. | 3/9 Breaking down today and tomorrow. | 3/7 Should finish up Friday/Saturday and back in 3 weeks. | 3/4 Getting close to finishing. | 3/2 Mike heading down there today.  They are wanting to test the TSP levels.  Will likely be a month or so before the next flush once this one is done. | 2/28 Ongoing. | 2/25 Met with Kiewitt yesterdayr.  Finalized procedures.  Started degreasing.  Probably be another week. | 2/23 Met with Cody yesterday.  very happy with MAx and Armando.  Will award additional work. | 2/21 Ongoing. | 2/18 Worked through pump issues.  Rolling along pretty good. | 2/16 Pump issues.  Got new pumps out yesterday.  Mixing equipment shipping friday. | 2/14 One of the pumps went down.  Replacement heading their way.  Stuart Sevenson will be sending a guy down there today. | 2/9 Changed his rig up so had to send some extra hoses. | 2/7 Expedited mobilization, team worked well together and met the request of the client with favorable results.  Kudos to Armando, Pat, Brady, Greg, Mike in the deer stand."
203147,Ongoing Project,Kiewit Cameron,Seal pot flush,Feb/Mar,Mike D,,,,3/14 waiting on ticket approval. | 3/7 Owe reports and finalized tickets. | 3/4 Will move equipment next to dry seal gas equipment and demobe all together. | 3/2 May have more work | 2/28 Finished up today.  May or may not ship equipment back based on possible other work. | 2/25 Started on 1st and 2nd of 6.  Moving along | 2/23 Started on Friday.  Ongoing.,3/14 waiting on ticket approval. | 3/7 Owe reports and finalized tickets. | 3/4 Will move equipment next to dry seal gas equipment and demobe all together. | 3/2 May have more work | 2/28 Finished up today.  May or may not ship equipment back based on possible other work. | 2/25 Started on 1st and 2nd of 6.  Moving along | 2/23 Started on Friday.  Ongoing.
203189,Ongoing Project,Callan Marine,Hydraulic System Flushing,2022-02-07 00:00:00,Mike D,NA,,,3/14 Will start tomorrow. | 3/11 Starting Monday for 10 days.,3/14 Will start tomorrow. | 3/11 Starting Monday for 10 days.
202769,Upcoming Project,JAX LNG,LO Flush & Amine Sys Degrease,April,Mike D,,,,"3/9 Mike making a trip in the next couple weeks. | 3/7 Mid to late April. | 2/28 on hold. | 2/25 Submitted revised proposal.  Mid April. | 2/23 Owe them another bid today. | 2/7 Inquiry from JAX LNG directly.  Sent quotes again. | 1/31 on hold | 1/28 Putting a general bid together  | 1/07 Financial issues on project.  Will be pushed if it happens at all. | 1/05 Our contact is leaving the project. | 12/22 No update. | 12/10 No update | 12/8 Early January. | 12/6 No update. | 12/1 Early January | 11/29 Checking with RT this week. | 11/19 no update | 11/17 No update. | 11/15 Pushed  | 11/12 Added acidizing on lube oil cooler.  Start should be 12/7 earliest, but likely after christmas | 11/10 No update | 11/8 EArliest will be 12/7 but since we had been there construction crew still hadnt gotten to Amine System.  Could be after new years before they get to it. | 11/5 Talked to them yesterday.  Needs a bid revision, but wait until he details what he needs.  Talked to bosses and its  a $ issue.  MAy get pushed to JAnuary. | 11/3 No update.  Probaly be the entire month of December with Holiday off. | 11/1 Same | 10/27 sent out 2 revised bids.  Being reviewed | 10/25 Will start week after thanksgiving.","3/9 Mike making a trip in the next couple weeks. | 3/7 Mid to late April. | 2/28 on hold. | 2/25 Submitted revised proposal.  Mid April. | 2/23 Owe them another bid today. | 2/7 Inquiry from JAX LNG directly.  Sent quotes again. | 1/31 on hold | 1/28 Putting a general bid together  | 1/07 Financial issues on project.  Will be pushed if it happens at all. | 1/05 Our contact is leaving the project. | 12/22 No update. | 12/10 No update | 12/8 Early January. | 12/6 No update. | 12/1 Early January | 11/29 Checking with RT this week. | 11/19 no update | 11/17 No update. | 11/15 Pushed  | 11/12 Added acidizing on lube oil cooler.  Start should be 12/7 earliest, but likely after christmas | 11/10 No update | 11/8 EArliest will be 12/7 but since we had been there construction crew still hadnt gotten to Amine System.  Could be after new years before they get to it. | 11/5 Talked to them yesterday.  Needs a bid revision, but wait until he details what he needs.  Talked to bosses and its  a $ issue.  MAy get pushed to JAnuary. | 11/3 No update.  Probaly be the entire month of December with Holiday off. | 11/1 Same | 10/27 sent out 2 revised bids.  Being reviewed | 10/25 Will start week after thanksgiving."
,Upcoming Project,Shell Ursa,Glycol Flush,First week in April,Mike D,,,,3/14 HAZID at 10:00.  Trying to work out performing Ursa and Mars work using the same crew. | 3/11 May 1.  Need 8 vaxed | 3/9 HAZID on Monday. | 3/7 Coming up in May. | 3/4 Asking for certs and schematics.  Brady startted sending those yesterday.,3/14 HAZID at 10:00.  Trying to work out performing Ursa and Mars work using the same crew. | 3/11 May 1.  Need 8 vaxed | 3/9 HAZID on Monday. | 3/7 Coming up in May. | 3/4 Asking for certs and schematics.  Brady startted sending those yesterday.
,Upcoming Project,Shell Mars,Compressor Oil Flush,,Mike D,,,,3/11 May 1 mobe.,3/11 May 1 mobe.
203159,Upcoming Project,Hose Source,BP chemcial hose flush,March,Pat B,,,,3/14 Hoses will be in this week. | 3/4 Waiting on hoses.,3/14 Hoses will be in this week. | 3/4 Waiting on hoses.
202803,Upcoming Project,LLOG - Taggart,Umbilical Pre-Com,Mid to late may,Pat B/Greg L,,,,3/14 no update | 3/11 Working on deliverables. | 3/7 Pushed to Mid-end of May. | 3/4 Pushed to April. | 3/2 Working on deliverables. | 2/28 Still working throuhg deliverables. | 2/25 Deliverables are due Tuesday but will move to Wednesday due to holiday. | 2/23 On schedule for April/May.  Pat and Greg are working on deliverables. | 2/21 Working on deliverables. | 2/18 Putting things together. | 2/9 Submitted tracker plan for deliverables.   | 2/7 Greg and Pat working on deliverables due March.  When Greg returns from Shell will look at PWP and specs.   | 2/4 Working on deliverables. | 1/31 Delivered action tracker last friday.   | 1/28 Working on action tracker.  Will submit today.  Drilling campaign wont finish until early april.  May be separate mobe during completions phase but will likely be May. | 1/26 Kickoff yesterday.  Need to work out a schedule for deliverables.  Need to see if we need any parts ordered. | 1/24 Have a meeting tomorrow.  Greg working on deliverables. | 1/21 Kick off mtg Tuesday.  Greg and Pat started putting documentation together and pulling equipment next week for long lead item.,3/14 no update | 3/11 Working on deliverables. | 3/7 Pushed to Mid-end of May. | 3/4 Pushed to April. | 3/2 Working on deliverables. | 2/28 Still working throuhg deliverables. | 2/25 Deliverables are due Tuesday but will move to Wednesday due to holiday. | 2/23 On schedule for April/May.  Pat and Greg are working on deliverables. | 2/21 Working on deliverables. | 2/18 Putting things together. | 2/9 Submitted tracker plan for deliverables.   | 2/7 Greg and Pat working on deliverables due March.  When Greg returns from Shell will look at PWP and specs.   | 2/4 Working on deliverables. | 1/31 Delivered action tracker last friday.   | 1/28 Working on action tracker.  Will submit today.  Drilling campaign wont finish until early april.  May be separate mobe during completions phase but will likely be May. | 1/26 Kickoff yesterday.  Need to work out a schedule for deliverables.  Need to see if we need any parts ordered. | 1/24 Have a meeting tomorrow.  Greg working on deliverables. | 1/21 Kick off mtg Tuesday.  Greg and Pat started putting documentation together and pulling equipment next week for long lead item.
203103,Upcoming Project,LLOG - Dome patrol subsea issues troubleshooting,Umbilcial troubleshooting,March 20th,Pat B/Greg L,,,,3/14 2 guys going with PPS crew and then James going wednesday on the ROV vessel. | 3/11 on track. | 3/9 added scope. | 3/7 Shipping equipment and mobilizing personnel around the 20th. | 3/4 No update. | 2/28 still scheduled for March 17.  Waiting on pinnacle to send over procedure.  Will start getting equipment ready. | 2/25 No update. | 2/23 Received PO.  Mobing March 17.   | 2/18 Meeting this morning.,3/14 2 guys going with PPS crew and then James going wednesday on the ROV vessel. | 3/11 on track. | 3/9 added scope. | 3/7 Shipping equipment and mobilizing personnel around the 20th. | 3/4 No update. | 2/28 still scheduled for March 17.  Waiting on pinnacle to send over procedure.  Will start getting equipment ready. | 2/25 No update. | 2/23 Received PO.  Mobing March 17.   | 2/18 Meeting this morning.
,Upcoming Project,Clean tank,,,,,,,,
203039,Projects Returned - Invoicing Stage,LLOG - Hose Rental,Diesel rental equipment,Ongoing,Pat B,,,,2/28 ongoing | 2/23 Ongoing. | 1/31 Ongoing | 1/28 ongoing | 1/26 ongoing | 1/24 Ongoing | 1/21 ~2weeks left of rental. | 1/17 Shipped out Saturday.,2/28 ongoing | 2/23 Ongoing. | 1/31 Ongoing | 1/28 ongoing | 1/26 ongoing | 1/24 Ongoing | 1/21 ~2weeks left of rental. | 1/17 Shipped out Saturday.
203023,Projects Returned - Invoicing Stage,Shell Enchilada,Turbine flush,2022-02-15 00:00:00,Mike D,,,,2/28 Equipment returned | 2/25 Should be in today. | 2/23 Finished.  Equipment coming in tomorrow. | 2/21 Finished up.  Guys came in on Saturday. | 2/18 Finished up late last night.  Should becoming in this weekend. | 2/16 Moving along well. | 2/14 Seems like everythign is going well. | 2/9 Mobed out this morning. | 2/7 Leaving 9:30 Wed. for 1 week | 2/4 Loading equipment out today. Inspection went well.   | 1/31 Inspection this week.  Mobe next week. | 1/28 They have a meeting today to discuss electrical requirements.  Getting ready to Set up inspection | 1/26 Loading equipment now to get ready for inspection. | 1/24 Scheduled to mobe the 7th or 10th depending on helicopter availability.  Getting equipment ready. | 1/17 Mike on call with them now.  Mobing 2/7 | 1/14 Phone call this morning to schedule | 1/12 Working on workpack.  Will have out today. | 1/10 Conference call today. Mike working on PWP's.  Turbine details and kick off discussed.  Q1 work.,2/28 Equipment returned | 2/25 Should be in today. | 2/23 Finished.  Equipment coming in tomorrow. | 2/21 Finished up.  Guys came in on Saturday. | 2/18 Finished up late last night.  Should becoming in this weekend. | 2/16 Moving along well. | 2/14 Seems like everythign is going well. | 2/9 Mobed out this morning. | 2/7 Leaving 9:30 Wed. for 1 week | 2/4 Loading equipment out today. Inspection went well.   | 1/31 Inspection this week.  Mobe next week. | 1/28 They have a meeting today to discuss electrical requirements.  Getting ready to Set up inspection | 1/26 Loading equipment now to get ready for inspection. | 1/24 Scheduled to mobe the 7th or 10th depending on helicopter availability.  Getting equipment ready. | 1/17 Mike on call with them now.  Mobing 2/7 | 1/14 Phone call this morning to schedule | 1/12 Working on workpack.  Will have out today. | 1/10 Conference call today. Mike working on PWP's.  Turbine details and kick off discussed.  Q1 work.
203136,Projects Returned - Invoicing Stage,Clean Tank - Tank flushing,Shell MV Vessel Storm tank flush,ongoing,Pat B,,,,2/23 Complete. | 2/21 Mobing back out tomorrow. | 2/18 Finished tank cleaning on vessels.  Now we are loading xylene on the vessel. Will go back next week to finish up. | 2/16 added to scope.  Will be there until Friday/Saturday. | 2/14 Mobing right now.,2/23 Complete. | 2/21 Mobing back out tomorrow. | 2/18 Finished tank cleaning on vessels.  Now we are loading xylene on the vessel. Will go back next week to finish up. | 2/16 added to scope.  Will be there until Friday/Saturday. | 2/14 Mobing right now.
202860,Projects Returned - Invoicing Stage,Hose Source - BP hose,Final Cleaning of BP hoses,,Greg L,,,,2/25 Hoses at the shop now to work on. | 2/23 Getting more hoses in today. | 2/18 Hoses finished last night. | 2/14 All will be coming in for final clean endo f this week or next week,2/25 Hoses at the shop now to work on. | 2/23 Getting more hoses in today. | 2/18 Hoses finished last night. | 2/14 All will be coming in for final clean endo f this week or next week
203053,Projects Returned - Invoicing Stage,Murphy-Beacon La Femme Rental,Xylene rental equipmetn,ongoing,Pat B,,,,2/28 Complete | 2/25 Ongoing. | 2/21 Equipment coming in today. | 2/16 Ongoing | 1/31 Went out Friday. | 1/28 Shipping out today. | 1/24 Shipping hoses out Friday. | 1/21 Received call from JL (Beacon).  Xylene pkg needed for next week going to Delta House.  ,2/28 Complete | 2/25 Ongoing. | 2/21 Equipment coming in today. | 2/16 Ongoing | 1/31 Went out Friday. | 1/28 Shipping out today. | 1/24 Shipping hoses out Friday. | 1/21 Received call from JL (Beacon).  Xylene pkg needed for next week going to Delta House.  
202938,Projects Returned - Invoicing Stage,AGI Industries - Shell Mars,Flushing two Chemical Injection skids to a NAS -8 for Shell Mars,Mid- Dec,Greg L,,,,1/10 Completed 2 CI skids last week.  MeOH upcoming. | 1/07 Should be finished today. | 1/05 Loading out today. | 12/22 Just responded to email.  Mid-next week. | 12/15 Pushed to next Monday | 12/10 Site visit on Monday.  To start next week. | 12/08 - Awarded,1/10 Completed 2 CI skids last week.  MeOH upcoming. | 1/07 Should be finished today. | 1/05 Loading out today. | 12/22 Just responded to email.  Mid-next week. | 12/15 Pushed to next Monday | 12/10 Site visit on Monday.  To start next week. | 12/08 - Awarded
202744,Projects Returned - Invoicing Stage,PES/SBM,Vat dip spools,2021-12-09 00:00:00,Greg L,,,,1/12 Complete | 1/05 Waiting on approval of a couple of tickets. | 12/22 Completed all spools.  Rigged down and vid inspection yesterday.  Working on report.  They wont get to the tank until Monday.   | 12/15 2 of the 3 are complete.  Will likely be done this week or this weekend. | 12/10 Ongoing as of today.  Laid out berms and moved in equipment yesterday.  Chevron first and then SBN after.  Should be 10 days. | 12/8 Starting this weekend. | 12/6 Received PO.  Making a site visit. | 12/3 Performing sometime after Christmas.  Site visit next week.  They want to perform it in Houma rather than here. | 12/1 Waiting on change order signatures before issuing PO. | 11/29 Should receive PO today as part of vat dipping project. | 11/19 Still alive. | 11/12 Revised a bid and lost job due to other job. | 11/10 Possible start on 11/22 | 11/8 Need to call. | 11/5 Same | 11/3 December | 11/1 No update.  Marcus visited last week. | 10/27 No update | 10/20 Waiting on word | 10/18 Waiting on SPM on when to make them.  Nee d mods on existing ones. | 10/15 Was already executed | 10/13 Mid november. | 9/29 | 9/27 Pickling spools as we speak | 9/24 May not happen. | 9/20 Mid-November mobe | 9/17 Meeting with PES next week | 9/8 Missing spools from Ida. | 8/23 Building more spools.  Client will notify when ready. | 8/16 Failed hydrotest.  Will call when ready,1/12 Complete | 1/05 Waiting on approval of a couple of tickets. | 12/22 Completed all spools.  Rigged down and vid inspection yesterday.  Working on report.  They wont get to the tank until Monday.   | 12/15 2 of the 3 are complete.  Will likely be done this week or this weekend. | 12/10 Ongoing as of today.  Laid out berms and moved in equipment yesterday.  Chevron first and then SBN after.  Should be 10 days. | 12/8 Starting this weekend. | 12/6 Received PO.  Making a site visit. | 12/3 Performing sometime after Christmas.  Site visit next week.  They want to perform it in Houma rather than here. | 12/1 Waiting on change order signatures before issuing PO. | 11/29 Should receive PO today as part of vat dipping project. | 11/19 Still alive. | 11/12 Revised a bid and lost job due to other job. | 11/10 Possible start on 11/22 | 11/8 Need to call. | 11/5 Same | 11/3 December | 11/1 No update.  Marcus visited last week. | 10/27 No update | 10/20 Waiting on word | 10/18 Waiting on SPM on when to make them.  Nee d mods on existing ones. | 10/15 Was already executed | 10/13 Mid november. | 9/29 | 9/27 Pickling spools as we speak | 9/24 May not happen. | 9/20 Mid-November mobe | 9/17 Meeting with PES next week | 9/8 Missing spools from Ida. | 8/23 Building more spools.  Client will notify when ready. | 8/16 Failed hydrotest.  Will call when ready
202952,Projects Returned - Invoicing Stage,Parker Well bore,Hydraulic cooler flush,,Mike D,,,,1/10 Completed. | 1/7 Shop work in progress,1/10 Completed. | 1/7 Shop work in progress
203016,Projects Returned - Invoicing Stage,Cornerstone,Pickle spools,,Mike D,,,,1/12 Complete. | 1/10 Greg completing paperwork after inspection. | 1/7 Shop work in progress,1/12 Complete. | 1/10 Greg completing paperwork after inspection. | 1/7 Shop work in progress
202830,Projects Returned - Invoicing Stage,LLOG - Dome Patrol,Umbilical Displacements,2021-11-17 00:00:00,Greg L/Pat B,,,,12/3 Complete | 12/1 Need to invoice. | 11/29 Guys in today at 2am.  | 11/19 On standby until probably tomorrow. | 11/17 Pre-job today.  Equipment leaving today and Personnel tomorrow. | 11/15 LEaving to go offshore on Wednesday. | 11/12 Leaving Tuesday.  Inspector will witness function test today.   | 11/10 Dome patrol leaving sunday. | 11/8 Still slated to go out Sunday.  Need 1 more | 11/5 Slated to go out on 11/14 | 11/3 Still set for 14th.  Shipping equipment and personnel on 14th.  HAZID on Friday. | 11/1 Personnel and equipment for November 14th.  HAZOP this week | 10/27 4 guys.  ,12/3 Complete | 12/1 Need to invoice. | 11/29 Guys in today at 2am.  | 11/19 On standby until probably tomorrow. | 11/17 Pre-job today.  Equipment leaving today and Personnel tomorrow. | 11/15 LEaving to go offshore on Wednesday. | 11/12 Leaving Tuesday.  Inspector will witness function test today.   | 11/10 Dome patrol leaving sunday. | 11/8 Still slated to go out Sunday.  Need 1 more | 11/5 Slated to go out on 11/14 | 11/3 Still set for 14th.  Shipping equipment and personnel on 14th.  HAZID on Friday. | 11/1 Personnel and equipment for November 14th.  HAZOP this week | 10/27 4 guys.  
202642,Projects Returned - Invoicing Stage,RCS - Fantasy Island tank flush,M/V Fantasy Island flush - 12 tanks,2021-11-09 00:00:00,,,,,11/17 Completed yetsreday.  Equipment coming in today. | 11/15 Finished big tanks.  On small tanks.  5 left.  Should finish some time tomorrow morning. | 11/12 Moving forward.  Trying to send different filters to speed up the process. | 11/8 Start tomorrow | 11/5 Starting on Tuesday.   | 11/3 No change | 11/1 November 9.   | 10/27 Startign on the 9th.  Working 24 hrs.  2 sets of equipment.  6 personnel. 4-5 days.,11/17 Completed yetsreday.  Equipment coming in today. | 11/15 Finished big tanks.  On small tanks.  5 left.  Should finish some time tomorrow morning. | 11/12 Moving forward.  Trying to send different filters to speed up the process. | 11/8 Start tomorrow | 11/5 Starting on Tuesday.   | 11/3 No change | 11/1 November 9.   | 10/27 Startign on the 9th.  Working 24 hrs.  2 sets of equipment.  6 personnel. 4-5 days.
202401,Projects Returned - Invoicing Stage,W-industries ,LLOG spruance p&p and flushing ,Early November,Greg L,,,,"11/17 Complete.  WAititng on tickets to be approved | 11/12 Complete.  Picked up and out of there yesterday. | 11/10 Should be wrapping up today. 75% dry yesterday. | 11/8 Should finish on Wednesday. | 11/5 Should be finishing tomorrow | 11/3 Mobiing out tomorrow to flush skid. | 11/1 Changin out tubing and piping on the skid.  Will reach out to find out when to go back.  Shouhld be end of this week | 10/29 CHanged some piping.  Need us wed/thurs next week. | 10/27 Air dryer out yesterday.  Dried 2 of the 7 tanks.  Whould wrap tomorrow.  W has work to do for us to finish. | 10/25 Ongoing.  May finish later this week. | 10/22 Starting on smaller tanks.  Should start drying tomorrow. | 10/20 Got back on Monday.  Set up and filling up tanks.  Should start circulating today.  Moving tank to tank.  Skid should be ready next week. | 10/18 Starting today. | 10/15 Loading out tank portion today with Amine equipment from Kiewitt.  2 personnel there on Monday.  Start on chemical injection modules later in the week. | 10/13 Will start Monday. | 10/8 Pat met yesterday.  Re-did procedure | 10/6 conference call this afternoon | 10/4 Meeting tomorrow to discuss theplan moving forward | 9/22 Early november.  Will no longer be doing the pressure testing. | 9/20 On hold again | 9/17 3 weeks till we go back | 9/8 Havinig issues locating spool pieces.  May push a little more | 9/1 End of setpember for NAS filtration | 8/27 End of september | 8/25 Finished P&P of tanks.  Will start putting everything on skid.  2-3 weeks before they need us back.  Second phase to mobe end of September | 8/23  Finishing today.  Client happy.  Picking up equipment today. | 8/20 Ending this weekend or early next week.  May send Gabe (new PPC) for training.  Flushing 2-3 week delay for prepping. | 8/18 Should finish with the tanks this week. | 8/16 First tank finished today. | 8/9 Delayed due to covid | 8/4 James, Mike D, + 2contractors until Kevin finished up/trained (confined entry). | 8/2 Starts Monday.  Need 4 for CSE this week.  Need to ID people.  Need them for 1 month. | 7/28 Will start 8/9.  Flushing will happen after P&P.  Through end of August. | 7/23 Static tank test tanks.  August 6. | 7/19 Will transfer over in a couple weeks. | 7/9 Same tanks as static cleaning at PES.  | 7/7 May be starting next week. | 6/25 needs to go to ongoing | 6/18 No update. | 6/9 Scope 1 will start July 19th Throguh the 31st.  Scope 2 flushing and drying will start 8/2 to 8/11.  10 hour days Monday through Saturday.","11/17 Complete.  WAititng on tickets to be approved | 11/12 Complete.  Picked up and out of there yesterday. | 11/10 Should be wrapping up today. 75% dry yesterday. | 11/8 Should finish on Wednesday. | 11/5 Should be finishing tomorrow | 11/3 Mobiing out tomorrow to flush skid. | 11/1 Changin out tubing and piping on the skid.  Will reach out to find out when to go back.  Shouhld be end of this week | 10/29 CHanged some piping.  Need us wed/thurs next week. | 10/27 Air dryer out yesterday.  Dried 2 of the 7 tanks.  Whould wrap tomorrow.  W has work to do for us to finish. | 10/25 Ongoing.  May finish later this week. | 10/22 Starting on smaller tanks.  Should start drying tomorrow. | 10/20 Got back on Monday.  Set up and filling up tanks.  Should start circulating today.  Moving tank to tank.  Skid should be ready next week. | 10/18 Starting today. | 10/15 Loading out tank portion today with Amine equipment from Kiewitt.  2 personnel there on Monday.  Start on chemical injection modules later in the week. | 10/13 Will start Monday. | 10/8 Pat met yesterday.  Re-did procedure | 10/6 conference call this afternoon | 10/4 Meeting tomorrow to discuss theplan moving forward | 9/22 Early november.  Will no longer be doing the pressure testing. | 9/20 On hold again | 9/17 3 weeks till we go back | 9/8 Havinig issues locating spool pieces.  May push a little more | 9/1 End of setpember for NAS filtration | 8/27 End of september | 8/25 Finished P&P of tanks.  Will start putting everything on skid.  2-3 weeks before they need us back.  Second phase to mobe end of September | 8/23  Finishing today.  Client happy.  Picking up equipment today. | 8/20 Ending this weekend or early next week.  May send Gabe (new PPC) for training.  Flushing 2-3 week delay for prepping. | 8/18 Should finish with the tanks this week. | 8/16 First tank finished today. | 8/9 Delayed due to covid | 8/4 James, Mike D, + 2contractors until Kevin finished up/trained (confined entry). | 8/2 Starts Monday.  Need 4 for CSE this week.  Need to ID people.  Need them for 1 month. | 7/28 Will start 8/9.  Flushing will happen after P&P.  Through end of August. | 7/23 Static tank test tanks.  August 6. | 7/19 Will transfer over in a couple weeks. | 7/9 Same tanks as static cleaning at PES.  | 7/7 May be starting next week. | 6/25 needs to go to ongoing | 6/18 No update. | 6/9 Scope 1 will start July 19th Throguh the 31st.  Scope 2 flushing and drying will start 8/2 to 8/11.  10 hour days Monday through Saturday."
202827,Projects Returned - Invoicing Stage,Kiewit Contractors,Fluid samples,October - ongoing,Pat B,,,,11/1 Complete | 10/20 Ongoing | 10/13 Samples coming in every week.,11/1 Complete | 10/20 Ongoing | 10/13 Samples coming in every week.
202822,Projects Returned - Invoicing Stage,Overland Contractors,Fluid smaples,October - ongoing,Pat B,,,,11/1 Complete | 10/18 Ongoing,11/1 Complete | 10/18 Ongoing
202858,Projects Returned - Invoicing Stage,BSM/Entergy,Circulating lube oil reservoir,2021-10-26 00:00:00,Mike D,,,,11/3 Complete | 11/1 Complete.  Guys back in | 10/29 Should finish up late tomorrow/early sunday. | 10/27 Should be getting there soon to get started.  Mike D will be there tomorrow. | 10/25 Startingn tomorrow morning.  Need to be on site for 9:00.  Should be done by Friday. | 10/22 Setting up to run out pumpp.  Likely mobe out Tuesday/wednesday. | 10/20 Need 2-3 guys for mid next week.   | 10/18 Need to train 3 guys up for CBT's.  Need crew.,11/3 Complete | 11/1 Complete.  Guys back in | 10/29 Should finish up late tomorrow/early sunday. | 10/27 Should be getting there soon to get started.  Mike D will be there tomorrow. | 10/25 Startingn tomorrow morning.  Need to be on site for 9:00.  Should be done by Friday. | 10/22 Setting up to run out pumpp.  Likely mobe out Tuesday/wednesday. | 10/20 Need 2-3 guys for mid next week.   | 10/18 Need to train 3 guys up for CBT's.  Need crew.
202776,Projects Returned - Invoicing Stage,Kiewit Cameron,Amine Flushing,Ongoing,Mike D,,,,10/20 Complete | 10/18 Equipment unloading.  Waiting on approval of tickets. | 10/13 Complete.  Equipment returned last night. | 10/6 Ongoing | 10/4 Starting today,10/20 Complete | 10/18 Equipment unloading.  Waiting on approval of tickets. | 10/13 Complete.  Equipment returned last night. | 10/6 Ongoing | 10/4 Starting today
202698,Projects Returned - Invoicing Stage,Clean Tank,MV Amber - 500 bbls of methanol - filter and load back,Completed,Greg L,,,,9/13- complete9/8 will be mobilizing.   | 9/1 Tried reaching out.  They're alive.  Not sure of status for work.  Probably on hold | 8/27 500 bbls of methanol.  End of next week mobilization depending on storm.,9/13- complete9/8 will be mobilizing.   | 9/1 Tried reaching out.  They're alive.  Not sure of status for work.  Probably on hold | 8/27 500 bbls of methanol.  End of next week mobilization depending on storm.
202363,Projects Returned - Invoicing Stage,BF-GATE,N2 Bottle Rental,May 21,Pat B,,,,8/27 off rent today | 8/25 Coming off of rent in the next couple days | 8/18 Still using them | 7/30 still on rent.   | 7/21 Still on rent | 6/2 Equipment on rent,8/27 off rent today | 8/25 Coming off of rent in the next couple days | 8/18 Still using them | 7/30 still on rent.   | 7/21 Still on rent | 6/2 Equipment on rent
202432,Projects Returned - Invoicing Stage,Hose Source ,BP chemical transfer hose,October,Pat B,,,,"8/25 Complete | 8/23  Waiting on more hose from offshore.  1 hose completed. | 8/20  Finished yesterday.  Sept/Oct may get more then a more regular stream of work. | 8/18 hose came in on monday.  Received back from inspection.  Will conduct final clean today or tomorrow. | 8/16 Should get hose today to do a final clean on. | 8/4 Scope definition:  Should start in Oct and flush 4-5 hoses every month.  Initial clean then send to Hose Source for testing, then HS sends back to BF for NAS final clean.  PO received.   | 7/9 Waiting on contract.  Shop work. | 7/2 Not flushing transfer hoses. | 6/30 Waiting on word for schedule.  This month or next month. | 6/28 Periodic flushing of hoses for BP.","8/25 Complete | 8/23  Waiting on more hose from offshore.  1 hose completed. | 8/20  Finished yesterday.  Sept/Oct may get more then a more regular stream of work. | 8/18 hose came in on monday.  Received back from inspection.  Will conduct final clean today or tomorrow. | 8/16 Should get hose today to do a final clean on. | 8/4 Scope definition:  Should start in Oct and flush 4-5 hoses every month.  Initial clean then send to Hose Source for testing, then HS sends back to BF for NAS final clean.  PO received.   | 7/9 Waiting on contract.  Shop work. | 7/2 Not flushing transfer hoses. | 6/30 Waiting on word for schedule.  This month or next month. | 6/28 Periodic flushing of hoses for BP."
202378,Projects Returned - Invoicing Stage,Danos/Shell Auger - Land,Flushing and testing Surface Accumulators,ongoing,Greg L,,,,8/16 Still want equipment by friday.  Seems unlikely | 8/4 CoVid issues.  Mobilization changing.  Not next week for sure. | 8/2 Sent back 5 spools already flushed due to cutting and welding again.  Should be finished with them on Wed morning. | 7/30 re-do 7 spool pieces.  Not sure when we will get them here. | 7/28 Had to re-do 7 spool pieces.  Will pig and flush. | 7/26 Complete | 7/21 Flushing now.  Shouldl be done by noon tomorrow. | 7/19 2 guys in shop. Pat preparing for this. | 7/12 Should receive piping late this week/early next week to begin flulshing. | 6/25 on schedule | 6/18 Sending us the piping 7/1.  Offshore scope ~7/31. | 6/9 No real update,8/16 Still want equipment by friday.  Seems unlikely | 8/4 CoVid issues.  Mobilization changing.  Not next week for sure. | 8/2 Sent back 5 spools already flushed due to cutting and welding again.  Should be finished with them on Wed morning. | 7/30 re-do 7 spool pieces.  Not sure when we will get them here. | 7/28 Had to re-do 7 spool pieces.  Will pig and flush. | 7/26 Complete | 7/21 Flushing now.  Shouldl be done by noon tomorrow. | 7/19 2 guys in shop. Pat preparing for this. | 7/12 Should receive piping late this week/early next week to begin flulshing. | 6/25 on schedule | 6/18 Sending us the piping 7/1.  Offshore scope ~7/31. | 6/9 No real update
202274,Projects Returned - Invoicing Stage,PES - Hydroblasting  Phase #3,PAU Skid Pipe Spool Hydro Blasting,#rd phase Aug 2,Mike D,,,,"8/4 Mike working on tickets with Tamara. | 8/2 Keith, Zack, and Royal out today. | 7/30 Monday-Tuesday of next week. | 7/28 Next week.   | 7/26 Still next week.  Monday-Wednesday. | 7/23 Phase 3 looking like august 2. | 7/19  SHould be in next couple weeks.  Preservation powder one additional day. | 7/12 There now to blow powder in the pipe for transit. | 7/7 Will go and blow powder in the pipe on Monday.  Going back for 3rd mobe in late July | 7/2 SEcond mobe complete.  third mobe to be in August. | 6/30 Should be inspecting now and finishing today for PHase 2.6/28 Equipment not there yet. | 6/25 2nd mobe monday; Need to rent two single pod filters and air pumps | 6/18 Second mobe moved to 30th. | 6/9 Second mobe pushed to end of June around the 28th | 6/2 PES changed 2nd phase start to June 21                                                                                     5/28 Completed first phase.  Tickets submitted.  June 14 second mobe. | 5/24 starting today.  Should be done Wednesday. | 5/21 First mobe on 5/24.  Second mobe tentative 6/15 and third mobe tentative 7/8. | 5/17 Possibly starting 5/19.  Need to touch base","8/4 Mike working on tickets with Tamara. | 8/2 Keith, Zack, and Royal out today. | 7/30 Monday-Tuesday of next week. | 7/28 Next week.   | 7/26 Still next week.  Monday-Wednesday. | 7/23 Phase 3 looking like august 2. | 7/19  SHould be in next couple weeks.  Preservation powder one additional day. | 7/12 There now to blow powder in the pipe for transit. | 7/7 Will go and blow powder in the pipe on Monday.  Going back for 3rd mobe in late July | 7/2 SEcond mobe complete.  third mobe to be in August. | 6/30 Should be inspecting now and finishing today for PHase 2.6/28 Equipment not there yet. | 6/25 2nd mobe monday; Need to rent two single pod filters and air pumps | 6/18 Second mobe moved to 30th. | 6/9 Second mobe pushed to end of June around the 28th | 6/2 PES changed 2nd phase start to June 21                                                                                     5/28 Completed first phase.  Tickets submitted.  June 14 second mobe. | 5/24 starting today.  Should be done Wednesday. | 5/21 First mobe on 5/24.  Second mobe tentative 6/15 and third mobe tentative 7/8. | 5/17 Possibly starting 5/19.  Need to touch base"
202421,Projects Returned - Invoicing Stage,BP Argos ,Ballast Pigging and Flushing,Jun 17th | end-7/7,Mike D,,,,"8/4 Equipment in last night.  A few rental items on site, all personnel off site.   Pat giving Dusty a quote on equipment that remains out.  Dolly unit+. | 8/2 Finishing tomorrow. Demobilzation of personnel.  Some equipment staying.  Max will send a list on what is being kept on site/rent. | 7/30 Should be wrapping up the 4th/5th.  Downsizing crew Sunday.  Definitely contract guys.  Possibly a couple BF guys | 7/28 Covid issues. 2 Guys in quarantine.  Adam will stay until quarantines are up. | 7/26 On going.  Contract labor times submitted.  Updating last weeks tickets. | 7/23 August 8-10 target completion. | 7/21 Enermech more involved.  Our guys will stay for filtration and sampling. | 7/19 Greg down in Ingleside to assess project.  To call Mike D with findings after lunch. | 7/12 Flushing ongoing.  Adding in equipment and fittings to prepare to flush more systems at once. | 7/9 Bringing a pump to Ingleside today. | 7/2 Changing out personnel.  Wes, Teddy and Bailey leaving tonight. | 6/30  Louis returning for vacation.  Wes, Bailey, Teddy leaving Saturday.  Charles B, Raymond, and Adam going for drug screen and orientation tomorrow/Friday.  Need to adjust set up due to friction losses in system.  Pat preparing short jumpers and tubing to send to Ingleside. | 6/28 Working.  Scope changing.  Need more equipment. | 6/25 ongoing; adding flow meters and fittings | 6/21 Finished pigging 50 lines. | 6/18 Orientation today.  Should start flushing tomorrow. | 6/14 Personnel to conduct drug screening on 6/17, and begin work on 6/18 in Ingleside, Tx                                                                                                                                                      6/11 95% complete with loadout.  Pre-job on Monday morning.  Added second crew.  SIMOPS | 6/9 Proposal sent.  Getting ready for loadout.  Personnel travel Monday.  6 guys.  Should get PO this afternoon.","8/4 Equipment in last night.  A few rental items on site, all personnel off site.   Pat giving Dusty a quote on equipment that remains out.  Dolly unit+. | 8/2 Finishing tomorrow. Demobilzation of personnel.  Some equipment staying.  Max will send a list on what is being kept on site/rent. | 7/30 Should be wrapping up the 4th/5th.  Downsizing crew Sunday.  Definitely contract guys.  Possibly a couple BF guys | 7/28 Covid issues. 2 Guys in quarantine.  Adam will stay until quarantines are up. | 7/26 On going.  Contract labor times submitted.  Updating last weeks tickets. | 7/23 August 8-10 target completion. | 7/21 Enermech more involved.  Our guys will stay for filtration and sampling. | 7/19 Greg down in Ingleside to assess project.  To call Mike D with findings after lunch. | 7/12 Flushing ongoing.  Adding in equipment and fittings to prepare to flush more systems at once. | 7/9 Bringing a pump to Ingleside today. | 7/2 Changing out personnel.  Wes, Teddy and Bailey leaving tonight. | 6/30  Louis returning for vacation.  Wes, Bailey, Teddy leaving Saturday.  Charles B, Raymond, and Adam going for drug screen and orientation tomorrow/Friday.  Need to adjust set up due to friction losses in system.  Pat preparing short jumpers and tubing to send to Ingleside. | 6/28 Working.  Scope changing.  Need more equipment. | 6/25 ongoing; adding flow meters and fittings | 6/21 Finished pigging 50 lines. | 6/18 Orientation today.  Should start flushing tomorrow. | 6/14 Personnel to conduct drug screening on 6/17, and begin work on 6/18 in Ingleside, Tx                                                                                                                                                      6/11 95% complete with loadout.  Pre-job on Monday morning.  Added second crew.  SIMOPS | 6/9 Proposal sent.  Getting ready for loadout.  Personnel travel Monday.  6 guys.  Should get PO this afternoon."
202526,Projects Returned - Invoicing Stage,RCS (environmental BP approved)- ,Methanol tank flushing,2021-08-05 00:00:00,Pat B,,,,8/4 Finishing today. | 8/2 Kevin and Shawn are mobilizing now.   | 7/30 Mobing Monday.  Kevin and Shawn are loading out.  Should finish Tuesday. | 7/28 Will get confirmation tomorrow or Friday. | 7/23 First week in august. | 7/21 Pushed to August 5. | 7/19 Circulating totes on a work boat.  This week.  2 guys.,8/4 Finishing today. | 8/2 Kevin and Shawn are mobilizing now.   | 7/30 Mobing Monday.  Kevin and Shawn are loading out.  Should finish Tuesday. | 7/28 Will get confirmation tomorrow or Friday. | 7/23 First week in august. | 7/21 Pushed to August 5. | 7/19 Circulating totes on a work boat.  This week.  2 guys.
202517,Projects Returned - Invoicing Stage,Clean Tank,"Filtrtion of 25,000 gallons of Methanol",August,Pat B,,,,8/9 Going well.  Should be done wednesday/Thursday | 8/4 Starting tomorrow for 1 week duration.  Kevin & Shawn will be on site next week and not available for test at PPS. | 8/2 Pat getting an update from Sean at Clean Tank.  May not be on for Thursday depending on vessel arrival. | 7/28 Pushed | 7/19 2nd week in August | 6/30  Filtering 21k gal of Methanol on July 19th for bhp.,8/9 Going well.  Should be done wednesday/Thursday | 8/4 Starting tomorrow for 1 week duration.  Kevin & Shawn will be on site next week and not available for test at PPS. | 8/2 Pat getting an update from Sean at Clean Tank.  May not be on for Thursday depending on vessel arrival. | 7/28 Pushed | 7/19 2nd week in August | 6/30  Filtering 21k gal of Methanol on July 19th for bhp.
202378,Projects Returned - Invoicing Stage,Danos/Shell Auger,Offshore,2021-09-17 00:00:00,Pat B,,,,"10/8 Equipment back yesterday | 10/6 Equipment will be back next week. | 10/4 Complete.  Came in yesterday. | 10/1 added scope.  Will probably be out until mid-next week | 9/29 Piping is leaking.  Probably stay a few more days | 9/27 Should finish in the next couple of days. | 9/20 Started yesterday.  Should be out another week.  | 9/17 Mobing out tomorrow out of Galveston | 9/15 Mobing 9/18 | 9/8 Possibly mobing on 9/16.  Only 2 people becuase of POB | 9/3 Havent heard anything since Ida. | 9/1 Will reach out today.   | 8/27 Crew came in last night.  Not sure on return date | 8/25 Offshore now.  Rigged up and started going over procedure.  shell stopped them and said they wont be ready for another 5 days.   | 8/23 CoVid issues.  Kevin +1 transferring to platform today.  Delay in schedule.  Client not ready for work from BlueFin yet. | 8/20 Equipment shipped yesterday.  Personnel quarantining.  CoVid test Sat.  Offshore Sunday.  KEvin and 2 US contractors. | 8/18 Shell coming in this afternoon for inspection.  3 day quarantine starting tomorrow for personnel. | 8/9 Delayed due to Covid. | 8/4 Greg to lead.  Crew needs ID'ing. | 8/2  Offshore scheduled Aug 10th, but will likely push.  Obtaining update mid week.  Greg finished the load out workbook.  Load out in progress.  Pat mtg. with Johnny on personnel (United Subsea). | 7/30 Likely to push to mid August. | 7/28 Havent pushed officially yet, but looks like it will. | 7/23 First week of August","10/8 Equipment back yesterday | 10/6 Equipment will be back next week. | 10/4 Complete.  Came in yesterday. | 10/1 added scope.  Will probably be out until mid-next week | 9/29 Piping is leaking.  Probably stay a few more days | 9/27 Should finish in the next couple of days. | 9/20 Started yesterday.  Should be out another week.  | 9/17 Mobing out tomorrow out of Galveston | 9/15 Mobing 9/18 | 9/8 Possibly mobing on 9/16.  Only 2 people becuase of POB | 9/3 Havent heard anything since Ida. | 9/1 Will reach out today.   | 8/27 Crew came in last night.  Not sure on return date | 8/25 Offshore now.  Rigged up and started going over procedure.  shell stopped them and said they wont be ready for another 5 days.   | 8/23 CoVid issues.  Kevin +1 transferring to platform today.  Delay in schedule.  Client not ready for work from BlueFin yet. | 8/20 Equipment shipped yesterday.  Personnel quarantining.  CoVid test Sat.  Offshore Sunday.  KEvin and 2 US contractors. | 8/18 Shell coming in this afternoon for inspection.  3 day quarantine starting tomorrow for personnel. | 8/9 Delayed due to Covid. | 8/4 Greg to lead.  Crew needs ID'ing. | 8/2  Offshore scheduled Aug 10th, but will likely push.  Obtaining update mid week.  Greg finished the load out workbook.  Load out in progress.  Pat mtg. with Johnny on personnel (United Subsea). | 7/30 Likely to push to mid August. | 7/28 Havent pushed officially yet, but looks like it will. | 7/23 First week of August"
202779,Projects Returned - Invoicing Stage,Beacon - Talos LDHI Day Tank Flush,Flush the day tank and LDHI chemical,2021-10-12 00:00:00,Greg L,,,,10/25 Sent ticket for approval. | 10/20 Equipment returned this morning. | 10/18 Came in Saturday.  Waiting on equipment. | 10/15 Should be flying in on Sunday.  Went well. | 10/13 Started flushing today. Made changes to the procedure. | 10/4 Shipping equipmet on Friday.  Mobe personnel on Monday. | 10/1 Reveived PO yesterday. | 9/29 Revised proposal.  Should be issuing a PO shortly,10/25 Sent ticket for approval. | 10/20 Equipment returned this morning. | 10/18 Came in Saturday.  Waiting on equipment. | 10/15 Should be flying in on Sunday.  Went well. | 10/13 Started flushing today. Made changes to the procedure. | 10/4 Shipping equipmet on Friday.  Mobe personnel on Monday. | 10/1 Reveived PO yesterday. | 9/29 Revised proposal.  Should be issuing a PO shortly
202802,Projects Returned - Invoicing Stage,GIS - Shell Appomatox Turbine Flush,720 turbine and water flodd pump system,2021-12-15 00:00:00,Mike D,,,," | 1/12 Sent them explanation of increase of PO and will process. | 1/05 Complete.  Equipment is back.  Tote rental but will be on another job number | 12/22 Reinstating today.  Should finish tomorrow but may not have a flight until Sunday. | 12/15 En route to heliport. | 12/10 Inspection today.  Shipping next week.  Crew mobilizing next week. | 12/8 Equipment inspection Thursday morning.  Crew mobilizing Wednesday. | 12/6 Loading out now.  Inspector will come over next week to go through everything and sign off for shipment | 12/3 Loading now. Mobing on the 15th. | 12/1 Contacted yesterday.  Waiting on response.  Equip. leaving on 8th after 3rd party inspection.  Will need vaccines by Jan. 1st. | 11/29 Prepping.  Dec. 15th still active. | 11/19 Mobing on 12/15, back on or around the 22nd.   | 11/17 Need to set date for Shell inpsector. | 11/15 No update.   | 11/12 Pushed to december 15th.   | 11/8 Pushed to 12/1.  Turbine installation crew will be there. | 11/5 Loading out now.  Equipment leaving next week.  Personnel leaving on the 17th. | 11/3 As of now, plan is to ship equipment on the 8th and personnel on the 17th. | 11/1 Waiting on getting new fVU's.  wAiting on valves.  should be tested and ready by end of the week. | 10/29 Still want to mobe on the 17th.  Asked to ship equipment on the 8th. | 10/27 Preppring | 10/25 Still 11/17. | 10/15 Pushed to 11/17. | 10/13 Pushed to late november/early december. | 10/8 Pushed to November 3 | 10/6 Shipping equipment next friday | 10/1 Mobilizing around 10/20   Added scope. | 9/24 Trying to decide mobilization.  Maybe Oct 20th."," | 1/12 Sent them explanation of increase of PO and will process. | 1/05 Complete.  Equipment is back.  Tote rental but will be on another job number | 12/22 Reinstating today.  Should finish tomorrow but may not have a flight until Sunday. | 12/15 En route to heliport. | 12/10 Inspection today.  Shipping next week.  Crew mobilizing next week. | 12/8 Equipment inspection Thursday morning.  Crew mobilizing Wednesday. | 12/6 Loading out now.  Inspector will come over next week to go through everything and sign off for shipment | 12/3 Loading now. Mobing on the 15th. | 12/1 Contacted yesterday.  Waiting on response.  Equip. leaving on 8th after 3rd party inspection.  Will need vaccines by Jan. 1st. | 11/29 Prepping.  Dec. 15th still active. | 11/19 Mobing on 12/15, back on or around the 22nd.   | 11/17 Need to set date for Shell inpsector. | 11/15 No update.   | 11/12 Pushed to december 15th.   | 11/8 Pushed to 12/1.  Turbine installation crew will be there. | 11/5 Loading out now.  Equipment leaving next week.  Personnel leaving on the 17th. | 11/3 As of now, plan is to ship equipment on the 8th and personnel on the 17th. | 11/1 Waiting on getting new fVU's.  wAiting on valves.  should be tested and ready by end of the week. | 10/29 Still want to mobe on the 17th.  Asked to ship equipment on the 8th. | 10/27 Preppring | 10/25 Still 11/17. | 10/15 Pushed to 11/17. | 10/13 Pushed to late november/early december. | 10/8 Pushed to November 3 | 10/6 Shipping equipment next friday | 10/1 Mobilizing around 10/20   Added scope. | 9/24 Trying to decide mobilization.  Maybe Oct 20th."
202964,Projects Returned - Invoicing Stage,AGI Industries - Shell Mars,Flushing two Meoth skids to a NAS -8 for Shell Mars,Mid- Jan 22,Greg L,,,,1/17 Will get an update today. | 1/14 Will have a better update on Monday. | 1/12 should be done in the next couple weeks. | 12/22 Not ready yet | 12/08 - Awarded,1/17 Will get an update today. | 1/14 Will have a better update on Monday. | 1/12 should be done in the next couple weeks. | 12/22 Not ready yet | 12/08 - Awarded
202975,Projects Returned - Invoicing Stage,Talos,,,Greg L,,,,1/05 Job is done.  Waiting on approval for tickets. | 12/22 Standby.  Not sure what they want to do with the methanol.   | 12/20/2021 Finishing up tonight,1/05 Job is done.  Waiting on approval for tickets. | 12/22 Standby.  Not sure what they want to do with the methanol.   | 12/20/2021 Finishing up tonight
202860,Projects Returned - Invoicing Stage,Hose Source - BP thunderhorse,Initial and NAS flush 5 production hoses to a NAS 6,Jan 4th,Pat B,,,,1/17 Should finish this afternoon or tomorrow morning. | 1/14 Cleaning now.  Should be done today. | 1/12 Picked up chemical yesterday.  Should clean those this week. | 1/05 Waiting on chemical. | 12/22  | 12/10 Getting a pale of chemical. | 12/08 - Standby,1/17 Should finish this afternoon or tomorrow morning. | 1/14 Cleaning now.  Should be done today. | 1/12 Picked up chemical yesterday.  Should clean those this week. | 1/05 Waiting on chemical. | 12/22  | 12/10 Getting a pale of chemical. | 12/08 - Standby
202752,Projects Returned - Invoicing Stage,PES,Hydroblasting,On going,Greg L/Mike D,,,,1/28 Getting started on Monday.  Waiting on deliverables and spool pieces. | 1/21 Completed yesterday. | 1/17 Pushed to Wednesday. | 1/14 Starting Tuesday. | 1/12 Next Tuesday.,1/28 Getting started on Monday.  Waiting on deliverables and spool pieces. | 1/21 Completed yesterday. | 1/17 Pushed to Wednesday. | 1/14 Starting Tuesday. | 1/12 Next Tuesday.
203048,Projects Returned - Invoicing Stage,PES-SBM Spool pieces,Pickling and Passivation- Shop,Ongoing,Greg L,,,,2/9 Completed and shipping back. | 2/7 Will be done this week. | 2/4 Finishing up one job getting ready to start on a second one.  Should finish that one by Wednesday. | 2/2 Should finish today or tomorrow. | 1/31 Getting started today,2/9 Completed and shipping back. | 2/7 Will be done this week. | 2/4 Finishing up one job getting ready to start on a second one.  Should finish that one by Wednesday. | 2/2 Should finish today or tomorrow. | 1/31 Getting started today
202869,Projects Returned - Invoicing Stage,BHP - Shenzi Methanol Panel,Methanol expansion panel,2021-11-08 00:00:00,Greg L,,,,11/19 Completed | 11/17 Finished up pressure testing.  Conference call today for offshore work. | 11/15 Heading down there tomorrow to start. | 11/12 Will be starting monday | 11/10 Following other job | 11/8 Will follow energy solutinos | 11/5 Should happen after dome patrol. | 11/1 next week sometime. | 10/27 Should start when dome patrol is finishing,11/19 Completed | 11/17 Finished up pressure testing.  Conference call today for offshore work. | 11/15 Heading down there tomorrow to start. | 11/12 Will be starting monday | 11/10 Following other job | 11/8 Will follow energy solutinos | 11/5 Should happen after dome patrol. | 11/1 next week sometime. | 10/27 Should start when dome patrol is finishing
202981,Lost Work,Shell Stones,Glycol Flush,March,Mike D,,,,3/9 Cancelled. | 3/7 Having consternation due to lack of response. | 3/4 No update. | 3/2 Had a call on Monday. | 2/28 Looking like mid March. | 2/25 Waiting on mobe. | 2/23 8 guys for about a week offshore. | 2/7 Mid March; sent schedule last week; rinsing vs cleaning due to TAR schedule. | 2/4 No update. | 1/31 No update. | 1/28 Deliverables.  Mike on call with them now. | 1/26 no change | 1/24 Requested  contact information.  Will do a flush on the unit.  Do not want to do an extensive flush. | 1/21 Want to do a glycol flush.  Not taking recommendation of full resolution.  Should mobe in couple of weeks. | 1/17 Not really sure when or if the job will happen. | 1/14 Conference call yesterday.  Will happen in March. | 1/10 Conference call Wed. 2:30 to discuss timing (4 days + mobilization/demobilization).,3/9 Cancelled. | 3/7 Having consternation due to lack of response. | 3/4 No update. | 3/2 Had a call on Monday. | 2/28 Looking like mid March. | 2/25 Waiting on mobe. | 2/23 8 guys for about a week offshore. | 2/7 Mid March; sent schedule last week; rinsing vs cleaning due to TAR schedule. | 2/4 No update. | 1/31 No update. | 1/28 Deliverables.  Mike on call with them now. | 1/26 no change | 1/24 Requested  contact information.  Will do a flush on the unit.  Do not want to do an extensive flush. | 1/21 Want to do a glycol flush.  Not taking recommendation of full resolution.  Should mobe in couple of weeks. | 1/17 Not really sure when or if the job will happen. | 1/14 Conference call yesterday.  Will happen in March. | 1/10 Conference call Wed. 2:30 to discuss timing (4 days + mobilization/demobilization).
203036,Lost Work,GATE/Murphy - Kings Quay,Bulk Filtration,On Hold,Pat B,,,,2/9 Waiting to hear what will happen wth the HPU. | 2/7 Bulk filtration likely won't happen.  May be an opp for HPU flush/clean.  It's currently contaminated.  Sample above NAS12 currently. | 2/4 Waiting on Ben to get back with Pat.   | 1/31 On hold.  Talked to Ben Davis last friday.  Have issues with HPU. | 1/28 Still on hold. | 1/26 Talked to Ben Davis.  May send a different fluid.  May send a sample. | 1/24 On hold. | 1/21 Bulk filtration on hold.  Making a decision to filter or buy new EGMB. | 1/17 Waiting on tote tanks to come in. | 1/14 Starting Tuesday. | 1/12 Next Tuesday.,2/9 Waiting to hear what will happen wth the HPU. | 2/7 Bulk filtration likely won't happen.  May be an opp for HPU flush/clean.  It's currently contaminated.  Sample above NAS12 currently. | 2/4 Waiting on Ben to get back with Pat.   | 1/31 On hold.  Talked to Ben Davis last friday.  Have issues with HPU. | 1/28 Still on hold. | 1/26 Talked to Ben Davis.  May send a different fluid.  May send a sample. | 1/24 On hold. | 1/21 Bulk filtration on hold.  Making a decision to filter or buy new EGMB. | 1/17 Waiting on tote tanks to come in. | 1/14 Starting Tuesday. | 1/12 Next Tuesday.
202666,Lost Work,Phillips 66 Beaumont,Hydraulic System Flushing,2021-09-21 00:00:00,Greg L,,,,9/15 Lost | 9/3 sent out revised proposal.   | 9/1 Revising proposal.  REviewing drawing.  New PM. | 8/27 End of september | 8/25 Greg Working on planning.   | 8/20 Still September.  Reviewing drawings early next week to validate proposal. | 8/18 Review all drawings and send them an updated proposal | 8/16 Second phase of another project already performed,9/15 Lost | 9/3 sent out revised proposal.   | 9/1 Revising proposal.  REviewing drawing.  New PM. | 8/27 End of september | 8/25 Greg Working on planning.   | 8/20 Still September.  Reviewing drawings early next week to validate proposal. | 8/18 Review all drawings and send them an updated proposal | 8/16 Second phase of another project already performed
202896,Lost Work,Entergy - mississippi,,2021-11-15 00:00:00,,,,,11/19 Slow | 11/17 Ran into techcnical difficulties.  Safety record issues. | 11/15 Josh and Greg are on their way there now.  Probably get kicked off tomorrow. | 11/12 Leaving out Monday.  Josh and Greg and Mike will head out htere after a few days. | 11/10 Headed down there on Monday. | 11/8Scheduled to start by next Monday. | 11/5 Still looking like the 15th | 11/3 No change.  Weeks worth of work for 3 people | 11/1 3 people.  16 hr Entergy training and confined space entry.,11/19 Slow | 11/17 Ran into techcnical difficulties.  Safety record issues. | 11/15 Josh and Greg are on their way there now.  Probably get kicked off tomorrow. | 11/12 Leaving out Monday.  Josh and Greg and Mike will head out htere after a few days. | 11/10 Headed down there on Monday. | 11/8Scheduled to start by next Monday. | 11/5 Still looking like the 15th | 11/3 No change.  Weeks worth of work for 3 people | 11/1 3 people.  16 hr Entergy training and confined space entry.
,,,,,,,,,,
,,,,,,,,,,
,,,,,,,,,,
